driver,team,grid,avg_pos,win_prob,podium_prob,points_prob
RUS,Mercedes,1,1.7182,74.21666666666667,92.82666666666667,99.27
LEC,Ferrari,2,2.8814333333333333,14.273333333333332,82.61333333333334,97.94333333333334
PIA,McLaren,3,3.1850666666666667,10.040000000000001,75.06666666666668,97.46666666666667
HAD,Red Bull Racing,4,4.607866666666666,0.8533333333333334,25.236666666666668,95.78
NOR,McLaren,5,4.880966666666667,0.5599999999999999,19.23,95.45333333333333
HAM,Ferrari,6,6.058833333333333,0.05666666666666667,4.673333333333334,94.16666666666667
GAS,Alpine,7,7.4961,0.0,0.2733333333333333,90.61666666666667
VER,Red Bull Racing,8,7.7469,0.0,0.08,93.50333333333334
SAI,Williams,9,9.189233333333334,0.0,0.0,88.98333333333333
COL,Alpine,10,10.408633333333333,0.0,0.0,73.24000000000001
BEA,Haas F1 Team,11,11.132233333333334,0.0,0.0,49.71666666666666
LAW,Racing Bulls,12,12.412866666666666,0.0,0.0,15.396666666666667
ALB,Williams,13,13.130233333333333,0.0,0.0,5.913333333333334
OCO,Haas F1 Team,14,13.999466666666667,0.0,0.0,2.0766666666666667
LIN,Racing Bulls,15,14.880866666666666,0.0,0.0,0.36666666666666664
ANT,Mercedes,16,15.4013,0.0,0.0,0.09333333333333334
BOR,Audi,17,17.396233333333335,0.0,0.0,0.0033333333333333335
ALO,Aston Martin,19,18.2527,0.0,0.0,0.0
HUL,Audi,18,18.3281,0.0,0.0,0.0
STR,Aston Martin,21,19.543333333333333,0.0,0.0,0.01
PER,Cadillac,20,19.907633333333333,0.0,0.0,0.0
BOT,Cadillac,22,20.4418,0.0,0.0,0.0
